[
{
    "model": "admin.logentry",
    "pk": 1,
    "fields": {
        "action_time": "2023-01-19T01:52:16.748Z",
        "user": 1,
        "content_type": 10,
        "object_id": "1",
        "object_repr": "Camiseta",
        "action_flag": 1,
        "change_message": "[{\"added\": {}}]"
    }
},
{
    "model": "admin.logentry",
    "pk": 2,
    "fields": {
        "action_time": "2023-01-22T13:19:07.288Z",
        "user": 1,
        "content_type": 9,
        "object_id": "5",
        "object_repr": "5",
        "action_flag": 3,
        "change_message": ""
    }
},
{
    "model": "admin.logentry",
    "pk": 3,
    "fields": {
        "action_time": "2023-01-22T13:19:16.776Z",
        "user": 1,
        "content_type": 9,
        "object_id": "4",
        "object_repr": "4",
        "action_flag": 3,
        "change_message": ""
    }
},
{
    "model": "admin.logentry",
    "pk": 4,
    "fields": {
        "action_time": "2023-01-22T13:19:16.785Z",
        "user": 1,
        "content_type": 9,
        "object_id": "3",
        "object_repr": "3",
        "action_flag": 3,
        "change_message": ""
    }
},
{
    "model": "admin.logentry",
    "pk": 5,
    "fields": {
        "action_time": "2023-01-22T13:19:16.787Z",
        "user": 1,
        "content_type": 9,
        "object_id": "2",
        "object_repr": "2",
        "action_flag": 3,
        "change_message": ""
    }
},
{
    "model": "admin.logentry",
    "pk": 6,
    "fields": {
        "action_time": "2023-01-22T13:19:16.790Z",
        "user": 1,
        "content_type": 9,
        "object_id": "1",
        "object_repr": "1",
        "action_flag": 3,
        "change_message": ""
    }
},
{
    "model": "admin.logentry",
    "pk": 7,
    "fields": {
        "action_time": "2023-01-22T13:26:20.289Z",
        "user": 1,
        "content_type": 10,
        "object_id": "2",
        "object_repr": "Tênis",
        "action_flag": 1,
        "change_message": "[{\"added\": {}}]"
    }
},
{
    "model": "admin.logentry",
    "pk": 8,
    "fields": {
        "action_time": "2023-01-22T13:26:46.537Z",
        "user": 1,
        "content_type": 10,
        "object_id": "2",
        "object_repr": "Tênis",
        "action_flag": 2,
        "change_message": "[{\"changed\": {\"fields\": [\"Image\"]}}]"
    }
},
{
    "model": "auth.permission",
    "pk": 1,
    "fields": {
        "name": "Can add log entry",
        "content_type": 1,
        "codename": "add_logentry"
    }
},
{
    "model": "auth.permission",
    "pk": 2,
    "fields": {
        "name": "Can change log entry",
        "content_type": 1,
        "codename": "change_logentry"
    }
},
{
    "model": "auth.permission",
    "pk": 3,
    "fields": {
        "name": "Can delete log entry",
        "content_type": 1,
        "codename": "delete_logentry"
    }
},
{
    "model": "auth.permission",
    "pk": 4,
    "fields": {
        "name": "Can view log entry",
        "content_type": 1,
        "codename": "view_logentry"
    }
},
{
    "model": "auth.permission",
    "pk": 5,
    "fields": {
        "name": "Can add permission",
        "content_type": 2,
        "codename": "add_permission"
    }
},
{
    "model": "auth.permission",
    "pk": 6,
    "fields": {
        "name": "Can change permission",
        "content_type": 2,
        "codename": "change_permission"
    }
},
{
    "model": "auth.permission",
    "pk": 7,
    "fields": {
        "name": "Can delete permission",
        "content_type": 2,
        "codename": "delete_permission"
    }
},
{
    "model": "auth.permission",
    "pk": 8,
    "fields": {
        "name": "Can view permission",
        "content_type": 2,
        "codename": "view_permission"
    }
},
{
    "model": "auth.permission",
    "pk": 9,
    "fields": {
        "name": "Can add group",
        "content_type": 3,
        "codename": "add_group"
    }
},
{
    "model": "auth.permission",
    "pk": 10,
    "fields": {
        "name": "Can change group",
        "content_type": 3,
        "codename": "change_group"
    }
},
{
    "model": "auth.permission",
    "pk": 11,
    "fields": {
        "name": "Can delete group",
        "content_type": 3,
        "codename": "delete_group"
    }
},
{
    "model": "auth.permission",
    "pk": 12,
    "fields": {
        "name": "Can view group",
        "content_type": 3,
        "codename": "view_group"
    }
},
{
    "model": "auth.permission",
    "pk": 13,
    "fields": {
        "name": "Can add user",
        "content_type": 4,
        "codename": "add_user"
    }
},
{
    "model": "auth.permission",
    "pk": 14,
    "fields": {
        "name": "Can change user",
        "content_type": 4,
        "codename": "change_user"
    }
},
{
    "model": "auth.permission",
    "pk": 15,
    "fields": {
        "name": "Can delete user",
        "content_type": 4,
        "codename": "delete_user"
    }
},
{
    "model": "auth.permission",
    "pk": 16,
    "fields": {
        "name": "Can view user",
        "content_type": 4,
        "codename": "view_user"
    }
},
{
    "model": "auth.permission",
    "pk": 17,
    "fields": {
        "name": "Can add content type",
        "content_type": 5,
        "codename": "add_contenttype"
    }
},
{
    "model": "auth.permission",
    "pk": 18,
    "fields": {
        "name": "Can change content type",
        "content_type": 5,
        "codename": "change_contenttype"
    }
},
{
    "model": "auth.permission",
    "pk": 19,
    "fields": {
        "name": "Can delete content type",
        "content_type": 5,
        "codename": "delete_contenttype"
    }
},
{
    "model": "auth.permission",
    "pk": 20,
    "fields": {
        "name": "Can view content type",
        "content_type": 5,
        "codename": "view_contenttype"
    }
},
{
    "model": "auth.permission",
    "pk": 21,
    "fields": {
        "name": "Can add session",
        "content_type": 6,
        "codename": "add_session"
    }
},
{
    "model": "auth.permission",
    "pk": 22,
    "fields": {
        "name": "Can change session",
        "content_type": 6,
        "codename": "change_session"
    }
},
{
    "model": "auth.permission",
    "pk": 23,
    "fields": {
        "name": "Can delete session",
        "content_type": 6,
        "codename": "delete_session"
    }
},
{
    "model": "auth.permission",
    "pk": 24,
    "fields": {
        "name": "Can view session",
        "content_type": 6,
        "codename": "view_session"
    }
},
{
    "model": "auth.permission",
    "pk": 25,
    "fields": {
        "name": "Can add billing profile",
        "content_type": 7,
        "codename": "add_billingprofile"
    }
},
{
    "model": "auth.permission",
    "pk": 26,
    "fields": {
        "name": "Can change billing profile",
        "content_type": 7,
        "codename": "change_billingprofile"
    }
},
{
    "model": "auth.permission",
    "pk": 27,
    "fields": {
        "name": "Can delete billing profile",
        "content_type": 7,
        "codename": "delete_billingprofile"
    }
},
{
    "model": "auth.permission",
    "pk": 28,
    "fields": {
        "name": "Can view billing profile",
        "content_type": 7,
        "codename": "view_billingprofile"
    }
},
{
    "model": "auth.permission",
    "pk": 29,
    "fields": {
        "name": "Can add guest email",
        "content_type": 8,
        "codename": "add_guestemail"
    }
},
{
    "model": "auth.permission",
    "pk": 30,
    "fields": {
        "name": "Can change guest email",
        "content_type": 8,
        "codename": "change_guestemail"
    }
},
{
    "model": "auth.permission",
    "pk": 31,
    "fields": {
        "name": "Can delete guest email",
        "content_type": 8,
        "codename": "delete_guestemail"
    }
},
{
    "model": "auth.permission",
    "pk": 32,
    "fields": {
        "name": "Can view guest email",
        "content_type": 8,
        "codename": "view_guestemail"
    }
},
{
    "model": "auth.permission",
    "pk": 33,
    "fields": {
        "name": "Can add cart",
        "content_type": 9,
        "codename": "add_cart"
    }
},
{
    "model": "auth.permission",
    "pk": 34,
    "fields": {
        "name": "Can change cart",
        "content_type": 9,
        "codename": "change_cart"
    }
},
{
    "model": "auth.permission",
    "pk": 35,
    "fields": {
        "name": "Can delete cart",
        "content_type": 9,
        "codename": "delete_cart"
    }
},
{
    "model": "auth.permission",
    "pk": 36,
    "fields": {
        "name": "Can view cart",
        "content_type": 9,
        "codename": "view_cart"
    }
},
{
    "model": "auth.permission",
    "pk": 37,
    "fields": {
        "name": "Can add product",
        "content_type": 10,
        "codename": "add_product"
    }
},
{
    "model": "auth.permission",
    "pk": 38,
    "fields": {
        "name": "Can change product",
        "content_type": 10,
        "codename": "change_product"
    }
},
{
    "model": "auth.permission",
    "pk": 39,
    "fields": {
        "name": "Can delete product",
        "content_type": 10,
        "codename": "delete_product"
    }
},
{
    "model": "auth.permission",
    "pk": 40,
    "fields": {
        "name": "Can view product",
        "content_type": 10,
        "codename": "view_product"
    }
},
{
    "model": "auth.permission",
    "pk": 41,
    "fields": {
        "name": "Can add tag",
        "content_type": 11,
        "codename": "add_tag"
    }
},
{
    "model": "auth.permission",
    "pk": 42,
    "fields": {
        "name": "Can change tag",
        "content_type": 11,
        "codename": "change_tag"
    }
},
{
    "model": "auth.permission",
    "pk": 43,
    "fields": {
        "name": "Can delete tag",
        "content_type": 11,
        "codename": "delete_tag"
    }
},
{
    "model": "auth.permission",
    "pk": 44,
    "fields": {
        "name": "Can view tag",
        "content_type": 11,
        "codename": "view_tag"
    }
},
{
    "model": "auth.permission",
    "pk": 45,
    "fields": {
        "name": "Can add order",
        "content_type": 12,
        "codename": "add_order"
    }
},
{
    "model": "auth.permission",
    "pk": 46,
    "fields": {
        "name": "Can change order",
        "content_type": 12,
        "codename": "change_order"
    }
},
{
    "model": "auth.permission",
    "pk": 47,
    "fields": {
        "name": "Can delete order",
        "content_type": 12,
        "codename": "delete_order"
    }
},
{
    "model": "auth.permission",
    "pk": 48,
    "fields": {
        "name": "Can view order",
        "content_type": 12,
        "codename": "view_order"
    }
},
{
    "model": "auth.permission",
    "pk": 49,
    "fields": {
        "name": "Can add address",
        "content_type": 13,
        "codename": "add_address"
    }
},
{
    "model": "auth.permission",
    "pk": 50,
    "fields": {
        "name": "Can change address",
        "content_type": 13,
        "codename": "change_address"
    }
},
{
    "model": "auth.permission",
    "pk": 51,
    "fields": {
        "name": "Can delete address",
        "content_type": 13,
        "codename": "delete_address"
    }
},
{
    "model": "auth.permission",
    "pk": 52,
    "fields": {
        "name": "Can view address",
        "content_type": 13,
        "codename": "view_address"
    }
},
{
    "model": "auth.permission",
    "pk": 53,
    "fields": {
        "name": "Can add user",
        "content_type": 14,
        "codename": "add_user"
    }
},
{
    "model": "auth.permission",
    "pk": 54,
    "fields": {
        "name": "Can change user",
        "content_type": 14,
        "codename": "change_user"
    }
},
{
    "model": "auth.permission",
    "pk": 55,
    "fields": {
        "name": "Can delete user",
        "content_type": 14,
        "codename": "delete_user"
    }
},
{
    "model": "auth.permission",
    "pk": 56,
    "fields": {
        "name": "Can view user",
        "content_type": 14,
        "codename": "view_user"
    }
},
{
    "model": "contenttypes.contenttype",
    "pk": 1,
    "fields": {
        "app_label": "admin",
        "model": "logentry"
    }
},
{
    "model": "contenttypes.contenttype",
    "pk": 2,
    "fields": {
        "app_label": "auth",
        "model": "permission"
    }
},
{
    "model": "contenttypes.contenttype",
    "pk": 3,
    "fields": {
        "app_label": "auth",
        "model": "group"
    }
},
{
    "model": "contenttypes.contenttype",
    "pk": 4,
    "fields": {
        "app_label": "auth",
        "model": "user"
    }
},
{
    "model": "contenttypes.contenttype",
    "pk": 5,
    "fields": {
        "app_label": "contenttypes",
        "model": "contenttype"
    }
},
{
    "model": "contenttypes.contenttype",
    "pk": 6,
    "fields": {
        "app_label": "sessions",
        "model": "session"
    }
},
{
    "model": "contenttypes.contenttype",
    "pk": 7,
    "fields": {
        "app_label": "billing",
        "model": "billingprofile"
    }
},
{
    "model": "contenttypes.contenttype",
    "pk": 8,
    "fields": {
        "app_label": "accounts",
        "model": "guestemail"
    }
},
{
    "model": "contenttypes.contenttype",
    "pk": 9,
    "fields": {
        "app_label": "carts",
        "model": "cart"
    }
},
{
    "model": "contenttypes.contenttype",
    "pk": 10,
    "fields": {
        "app_label": "products",
        "model": "product"
    }
},
{
    "model": "contenttypes.contenttype",
    "pk": 11,
    "fields": {
        "app_label": "tags",
        "model": "tag"
    }
},
{
    "model": "contenttypes.contenttype",
    "pk": 12,
    "fields": {
        "app_label": "orders",
        "model": "order"
    }
},
{
    "model": "contenttypes.contenttype",
    "pk": 13,
    "fields": {
        "app_label": "addresses",
        "model": "address"
    }
},
{
    "model": "contenttypes.contenttype",
    "pk": 14,
    "fields": {
        "app_label": "accounts",
        "model": "user"
    }
},
{
    "model": "sessions.session",
    "pk": "4odm4158eho5n3bteekw89p08ofenkap",
    "fields": {
        "session_data": ".eJxVjjsOgzAQRO_iOrIWjHdtyvScwVrWTiAfkLCpotw9oNDQzpsZvY8SXkoYS3pn1cJFBV7LENacljBG1apKnbKe5ZmmHcQHT_dZyzyVZez1XtEHzbqbY3pdj-7pYOA8bGvDgMxQeaBoUNA7cdZ53xhC23j0EU3vvBDWZCsSYCRTQ3I2At1kt_qLbyoNfH9MLT8s:1pUc5P:ZoLRR2XnKAmJEV6Nx8ppm1XbFtPPTGeFnS5RtTh7r5E",
        "expire_date": "2023-03-07T23:30:15.819Z"
    }
},
{
    "model": "sessions.session",
    "pk": "70axb9i1aq5lnhxemnlpyccspgl5kfq4",
    "fields": {
        "session_data": ".eJxVjDsOgzAQBe-ydWStMV7blOk5g7WsnUA-IGFTRbl7gkRD-2bmfUB4rXGq-V2gwwtE3uoYt5LXOCXoQMNpG1ieed5BevB8X5Qsc12nQe2KOmhR_ZLy63q4p4ORy_ivDSMxow7okiGh4MVbH0JrHNk2UEhkBh_EUeOsdoJMzjSYvU3obqLh-wMveztI:1pKpyK:QGuSDrm1LAlSCdAvUqH7d-KleanfINKmdU5kQefVX1M",
        "expire_date": "2023-02-09T00:18:32.134Z"
    }
},
{
    "model": "sessions.session",
    "pk": "722eec8nujro1ruw79yn3op7n8ree0no",
    "fields": {
        "session_data": "eyJjYXJ0X2lkIjo0MX0:1pXX5X:ym0IJVp1XZHCgUK2H3AlQ7KsCbReOBp_bKX4eIrAH5c",
        "expire_date": "2023-03-16T00:46:27.147Z"
    }
},
{
    "model": "sessions.session",
    "pk": "atulk4huolprdcyo2dfn02zt7rq0hnzh",
    "fields": {
        "session_data": ".eJxVjjsOgzAQRO_iOrIWjHdtyvScwVrWTiAfkLCpotw9oNDQzpsZvY8SXkoYS3pn1cJFBV7LENacljBG1apKnbKe5ZmmHcQHT_dZyzyVZez1XtEHzbqbY3pdj-7pYOA8bGvDgMxQeaBoUNA7cdZ53xhC23j0EU3vvBDWZCsSYCRTQ3I2At1kt_qLbyp18_0BTC8_Lg:1pLrcA:e3oZr-Voo0toVR-usSWn-OPei9Qiag_pQtymLMwx6Oo",
        "expire_date": "2023-02-11T20:15:54.899Z"
    }
},
{
    "model": "sessions.session",
    "pk": "f9hqdyjrjdq66ip81rnow8marafdbms2",
    "fields": {
        "session_data": "eyJjYXJ0X2lkIjozLCJjYXJ0X2l0ZW1zIjoxLCJndWVzdF9lbWFpbF9pZCI6Mn0:1pIfwT:SweUhP78o-MBvQirAzh_WcAKbmwiEVhEMABUXx16kEc",
        "expire_date": "2023-02-03T01:11:41.623Z"
    }
},
{
    "model": "sessions.session",
    "pk": "l2dhnpcvyka6ys9izlit4kx1pbsrcdzo",
    "fields": {
        "session_data": ".eJxVjjsOgzAQRO_iOrJsjHe9KdPnDNaydgL5gIRNFeXuAYWGdt7M6H2U8FzjUPO7qLM9qchL7eNS8hyHpM7KqkPWsTzzuIH04PE-aZnGOg-d3ip6p0Vfp5Rfl717OOi59OvasQFmY8lgciBAQYIPRK1D8C0BJXBdIEFo0FsUw4CuMTn4ZPAmm9VffFVp7PcHTOI_LA:1pLDAu:T87e2PA3pSRUVhDLk7U2OnQbwyXCJw4EWl_eaXkHX0c",
        "expire_date": "2023-02-10T01:05:04.005Z"
    }
},
{
    "model": "sessions.session",
    "pk": "rtti8ec5wv8mc0ac5wtbw2cthsqqozzw",
    "fields": {
        "session_data": ".eJxVjDsOgzAQRO_iGlk2xrvelOk5A1rWTiAfkLCpotw9ENFQzrw381HCS-nGqC62ro5Q0jtvuVIdr2Xo1pyWv6GsOnU9yzNNO4gPnu6zlnkqy9jrXdEHzbqdY3pdD_d0MHAetrVjA8zGksHoQICCBB-IGofgGwKK4PpAglCjtyiGAV1tUvDR4E2s-v4AI6A_LA:1pK9bd:eD_rJzjDo6zHon08PqQfAZY54qB9fkK87x6nJTfhqWY",
        "expire_date": "2023-02-07T03:04:17.858Z"
    }
},
{
    "model": "sessions.session",
    "pk": "tllmdtkoxe9bfsvpkj6lbndrx98r0x1q",
    "fields": {
        "session_data": "eyJjYXJ0X2lkIjoyNywiY2FydF9pdGVtcyI6MX0:1pNj4k:8zdH1IiM3d5uEOaONl8lwcuiCTL4n7wfrdQmFgxOvqY",
        "expire_date": "2023-02-16T23:33:06.213Z"
    }
},
{
    "model": "sessions.session",
    "pk": "zayvbzaeimhhkuzxp9vpu3fzujhlidwd",
    "fields": {
        "session_data": "eyJjYXJ0X2lkIjoxMSwiY2FydF9pdGVtcyI6MH0:1pK9HH:v7DF_LwGRBbBgilMSQLDhK458Odgg39oV2x4Ms49I7o",
        "expire_date": "2023-02-07T02:43:15.187Z"
    }
},
{
    "model": "sessions.session",
    "pk": "zz4c2j38jig8emr3zhv52prbcsf8c0a6",
    "fields": {
        "session_data": ".eJyrVkpOLCqJz0xRsjI004FySlJzi4F8HaX00tTikvjU3MTMHLASk1oAi5UQUw:1pKVDD:RVprHp4nNgn5nXtBnrsd1Ogb3xUmZvQF0_PzGNhMjUE",
        "expire_date": "2023-02-08T02:08:31.965Z"
    }
},
{
    "model": "addresses.address",
    "pk": 1,
    "fields": {
        "billing_profile": 3,
        "address_type": "billing",
        "address_line_1": "Estrada Morro Grande,1418",
        "address_line_2": null,
        "city": "São Paulo",
        "country": "Brazil",
        "state": "SP",
        "postal_code": "06719-500"
    }
},
{
    "model": "addresses.address",
    "pk": 2,
    "fields": {
        "billing_profile": 4,
        "address_type": "shipping",
        "address_line_1": "Estrada Morro Grande,1418",
        "address_line_2": null,
        "city": "São Paulo",
        "country": "Brazil",
        "state": "SP",
        "postal_code": "06719-500"
    }
},
{
    "model": "addresses.address",
    "pk": 3,
    "fields": {
        "billing_profile": 4,
        "address_type": "billing",
        "address_line_1": "Estrada Morro Grande,1418",
        "address_line_2": null,
        "city": "São Paulo",
        "country": "Brazil",
        "state": "SP",
        "postal_code": "06719-500"
    }
},
{
    "model": "addresses.address",
    "pk": 4,
    "fields": {
        "billing_profile": 1,
        "address_type": "billing",
        "address_line_1": "Estrada Morro Grande,1418",
        "address_line_2": null,
        "city": "São Paulo",
        "country": "Brazil",
        "state": "SP",
        "postal_code": "06719-500"
    }
},
{
    "model": "addresses.address",
    "pk": 5,
    "fields": {
        "billing_profile": 1,
        "address_type": "shipping",
        "address_line_1": "Estrada Morro Grande,1418",
        "address_line_2": null,
        "city": "São Paulo",
        "country": "Brazil",
        "state": "SP",
        "postal_code": "06719-500"
    }
},
{
    "model": "addresses.address",
    "pk": 6,
    "fields": {
        "billing_profile": 1,
        "address_type": "shipping",
        "address_line_1": "Estrada Morro Grande,1418",
        "address_line_2": null,
        "city": "São Paulo",
        "country": "Brazil",
        "state": "SP",
        "postal_code": "06719-500"
    }
},
{
    "model": "addresses.address",
    "pk": 7,
    "fields": {
        "billing_profile": 1,
        "address_type": "shipping",
        "address_line_1": "Estrada Morro Grande,1418",
        "address_line_2": null,
        "city": "São Paulo",
        "country": "Brazil",
        "state": "SP",
        "postal_code": "06719-500"
    }
},
{
    "model": "addresses.address",
    "pk": 8,
    "fields": {
        "billing_profile": 1,
        "address_type": "shipping",
        "address_line_1": "Estrada Morro Grande,1418",
        "address_line_2": null,
        "city": "São Paulo",
        "country": "Brazil",
        "state": "SP",
        "postal_code": "06719-500"
    }
},
{
    "model": "addresses.address",
    "pk": 9,
    "fields": {
        "billing_profile": 1,
        "address_type": "billing",
        "address_line_1": "Estrada Morro Grande,1418",
        "address_line_2": null,
        "city": "São Paulo",
        "country": "Brazil",
        "state": "SP",
        "postal_code": "06719-500"
    }
},
{
    "model": "addresses.address",
    "pk": 10,
    "fields": {
        "billing_profile": 1,
        "address_type": "billing",
        "address_line_1": "Estrada Morro Grande,1418",
        "address_line_2": null,
        "city": "São Paulo",
        "country": "Brazil",
        "state": "SP",
        "postal_code": "06719-500"
    }
},
{
    "model": "addresses.address",
    "pk": 11,
    "fields": {
        "billing_profile": 5,
        "address_type": "billing",
        "address_line_1": "Rua bom Jesus, 1151",
        "address_line_2": null,
        "city": "São Paulo",
        "country": "Brazil",
        "state": "SP",
        "postal_code": "03344500"
    }
},
{
    "model": "addresses.address",
    "pk": 12,
    "fields": {
        "billing_profile": 5,
        "address_type": "shipping",
        "address_line_1": "Rua bom Jesus, 1151",
        "address_line_2": null,
        "city": "São Paulo",
        "country": "Brazil",
        "state": "SP",
        "postal_code": "03344500"
    }
},
{
    "model": "addresses.address",
    "pk": 13,
    "fields": {
        "billing_profile": 5,
        "address_type": "billing",
        "address_line_1": "Rua bom Jesus, 1151",
        "address_line_2": null,
        "city": "São Paulo",
        "country": "Brazil",
        "state": "SP",
        "postal_code": "03344500"
    }
},
{
    "model": "addresses.address",
    "pk": 14,
    "fields": {
        "billing_profile": 5,
        "address_type": "shipping",
        "address_line_1": "Rua bom Jesus, 1151",
        "address_line_2": null,
        "city": "São Paulo",
        "country": "Brazil",
        "state": "SP",
        "postal_code": "03344500"
    }
},
{
    "model": "addresses.address",
    "pk": 15,
    "fields": {
        "billing_profile": 1,
        "address_type": "billing",
        "address_line_1": "Rua bom Jesus, 1151",
        "address_line_2": null,
        "city": "São Paulo",
        "country": "Brazil",
        "state": "SP",
        "postal_code": "03344500"
    }
},
{
    "model": "addresses.address",
    "pk": 16,
    "fields": {
        "billing_profile": 1,
        "address_type": "shipping",
        "address_line_1": "Rua bom Jesus, 1151",
        "address_line_2": null,
        "city": "São Paulo",
        "country": "Brazil",
        "state": "SP",
        "postal_code": "03344500"
    }
},
{
    "model": "addresses.address",
    "pk": 17,
    "fields": {
        "billing_profile": 1,
        "address_type": "billing",
        "address_line_1": "Rua bom Jesus, 1151",
        "address_line_2": null,
        "city": "São Paulo",
        "country": "Brazil",
        "state": "SP",
        "postal_code": "03344500"
    }
},
{
    "model": "billing.billingprofile",
    "pk": 1,
    "fields": {
        "user": 1,
        "email": "marciojcostadev@gmail.com",
        "active": true,
        "update": "2023-01-19T01:51:26.499Z",
        "timestamp": "2023-01-19T01:51:26.499Z"
    }
},
{
    "model": "billing.billingprofile",
    "pk": 2,
    "fields": {
        "user": null,
        "email": "fulano@mail.com",
        "active": true,
        "update": "2023-01-19T01:56:25.993Z",
        "timestamp": "2023-01-19T01:56:25.994Z"
    }
},
{
    "model": "billing.billingprofile",
    "pk": 3,
    "fields": {
        "user": null,
        "email": "fulano2@gmail.com",
        "active": true,
        "update": "2023-01-20T01:11:41.637Z",
        "timestamp": "2023-01-20T01:11:41.637Z"
    }
},
{
    "model": "billing.billingprofile",
    "pk": 4,
    "fields": {
        "user": 2,
        "email": "marcio@gmail.com",
        "active": true,
        "update": "2023-01-25T02:29:30.845Z",
        "timestamp": "2023-01-25T02:29:30.845Z"
    }
},
{
    "model": "billing.billingprofile",
    "pk": 5,
    "fields": {
        "user": null,
        "email": "fulaninho@gmail.com",
        "active": true,
        "update": "2023-02-17T01:33:33.950Z",
        "timestamp": "2023-02-17T01:33:33.950Z"
    }
},
{
    "model": "accounts.guestemail",
    "pk": 1,
    "fields": {
        "email": "fulano@mail.com",
        "active": true,
        "update": "2023-01-19T01:56:25.974Z",
        "timestamp": "2023-01-19T01:56:25.975Z"
    }
},
{
    "model": "accounts.guestemail",
    "pk": 2,
    "fields": {
        "email": "fulano2@gmail.com",
        "active": true,
        "update": "2023-01-20T01:11:41.618Z",
        "timestamp": "2023-01-20T01:11:41.618Z"
    }
},
{
    "model": "accounts.guestemail",
    "pk": 3,
    "fields": {
        "email": "fulano2@gmail.com",
        "active": true,
        "update": "2023-01-22T13:03:05.706Z",
        "timestamp": "2023-01-22T13:03:05.707Z"
    }
},
{
    "model": "accounts.guestemail",
    "pk": 4,
    "fields": {
        "email": "fulano2@gmail.com",
        "active": true,
        "update": "2023-01-25T02:08:31.959Z",
        "timestamp": "2023-01-25T02:08:31.959Z"
    }
},
{
    "model": "accounts.guestemail",
    "pk": 5,
    "fields": {
        "email": "fulano2@gmail.com",
        "active": true,
        "update": "2023-01-25T02:14:14.063Z",
        "timestamp": "2023-01-25T02:14:14.063Z"
    }
},
{
    "model": "accounts.guestemail",
    "pk": 6,
    "fields": {
        "email": "fulaninho@gmail.com",
        "active": true,
        "update": "2023-02-17T01:33:33.933Z",
        "timestamp": "2023-02-17T01:33:33.933Z"
    }
},
{
    "model": "carts.cart",
    "pk": 6,
    "fields": {
        "user": 1,
        "subtotal": "220.00",
        "total": "396.00",
        "updated": "2023-01-22T13:27:36.009Z",
        "timestamp": "2023-01-22T13:19:20.353Z",
        "products": [
            1,
            2
        ]
    }
},
{
    "model": "carts.cart",
    "pk": 7,
    "fields": {
        "user": 1,
        "subtotal": "100.00",
        "total": "180.00",
        "updated": "2023-01-22T13:35:26.171Z",
        "timestamp": "2023-01-22T13:34:56.198Z",
        "products": [
            1
        ]
    }
},
{
    "model": "carts.cart",
    "pk": 8,
    "fields": {
        "user": 1,
        "subtotal": "0.00",
        "total": "0.00",
        "updated": "2023-01-22T13:40:14.505Z",
        "timestamp": "2023-01-22T13:39:20.028Z",
        "products": []
    }
},
{
    "model": "carts.cart",
    "pk": 9,
    "fields": {
        "user": 1,
        "subtotal": "220.00",
        "total": "396.00",
        "updated": "2023-01-22T13:40:37.849Z",
        "timestamp": "2023-01-22T13:40:19.812Z",
        "products": [
            1,
            2
        ]
    }
},
{
    "model": "carts.cart",
    "pk": 10,
    "fields": {
        "user": null,
        "subtotal": "0.00",
        "total": "0.00",
        "updated": "2023-01-24T02:33:53.373Z",
        "timestamp": "2023-01-24T02:31:40.324Z",
        "products": []
    }
},
{
    "model": "carts.cart",
    "pk": 11,
    "fields": {
        "user": null,
        "subtotal": "0.00",
        "total": "0.00",
        "updated": "2023-01-24T02:43:15.174Z",
        "timestamp": "2023-01-24T02:34:06.313Z",
        "products": []
    }
},
{
    "model": "carts.cart",
    "pk": 12,
    "fields": {
        "user": 1,
        "subtotal": "100.00",
        "total": "180.00",
        "updated": "2023-01-24T03:04:17.843Z",
        "timestamp": "2023-01-24T02:43:48.687Z",
        "products": [
            1
        ]
    }
},
{
    "model": "carts.cart",
    "pk": 13,
    "fields": {
        "user": 1,
        "subtotal": "100.00",
        "total": "180.00",
        "updated": "2023-01-25T02:01:16.181Z",
        "timestamp": "2023-01-25T02:01:12.706Z",
        "products": [
            1
        ]
    }
},
{
    "model": "carts.cart",
    "pk": 14,
    "fields": {
        "user": 1,
        "subtotal": "100.00",
        "total": "180.00",
        "updated": "2023-01-25T02:08:05.574Z",
        "timestamp": "2023-01-25T02:01:31.395Z",
        "products": [
            1
        ]
    }
},
{
    "model": "carts.cart",
    "pk": 15,
    "fields": {
        "user": 1,
        "subtotal": "100.00",
        "total": "180.00",
        "updated": "2023-01-25T02:08:14.621Z",
        "timestamp": "2023-01-25T02:08:10.986Z",
        "products": [
            1
        ]
    }
},
{
    "model": "carts.cart",
    "pk": 16,
    "fields": {
        "user": null,
        "subtotal": "100.00",
        "total": "180.00",
        "updated": "2023-01-25T02:08:20.799Z",
        "timestamp": "2023-01-25T02:08:19.627Z",
        "products": [
            1
        ]
    }
},
{
    "model": "carts.cart",
    "pk": 17,
    "fields": {
        "user": 1,
        "subtotal": "100.00",
        "total": "180.00",
        "updated": "2023-01-25T02:20:57.848Z",
        "timestamp": "2023-01-25T02:13:29.728Z",
        "products": [
            1
        ]
    }
},
{
    "model": "carts.cart",
    "pk": 18,
    "fields": {
        "user": 2,
        "subtotal": "100.00",
        "total": "180.00",
        "updated": "2023-01-25T02:29:54.633Z",
        "timestamp": "2023-01-25T02:29:37.793Z",
        "products": [
            1
        ]
    }
},
{
    "model": "carts.cart",
    "pk": 19,
    "fields": {
        "user": 1,
        "subtotal": "100.00",
        "total": "180.00",
        "updated": "2023-01-26T00:18:10.404Z",
        "timestamp": "2023-01-26T00:17:01.900Z",
        "products": [
            1
        ]
    }
},
{
    "model": "carts.cart",
    "pk": 20,
    "fields": {
        "user": 1,
        "subtotal": "100.00",
        "total": "180.00",
        "updated": "2023-01-26T00:27:47.641Z",
        "timestamp": "2023-01-26T00:26:50.721Z",
        "products": [
            1
        ]
    }
},
{
    "model": "carts.cart",
    "pk": 21,
    "fields": {
        "user": 1,
        "subtotal": "100.00",
        "total": "180.00",
        "updated": "2023-01-27T00:40:04.036Z",
        "timestamp": "2023-01-27T00:40:02.488Z",
        "products": [
            1
        ]
    }
},
{
    "model": "carts.cart",
    "pk": 22,
    "fields": {
        "user": 1,
        "subtotal": "100.00",
        "total": "180.00",
        "updated": "2023-01-28T20:13:39.319Z",
        "timestamp": "2023-01-28T20:13:26.019Z",
        "products": [
            1
        ]
    }
},
{
    "model": "carts.cart",
    "pk": 23,
    "fields": {
        "user": 1,
        "subtotal": "220.00",
        "total": "396.00",
        "updated": "2023-01-28T20:15:42.525Z",
        "timestamp": "2023-01-28T20:14:34.673Z",
        "products": [
            1,
            2
        ]
    }
},
{
    "model": "carts.cart",
    "pk": 24,
    "fields": {
        "user": 1,
        "subtotal": "0.00",
        "total": "0.00",
        "updated": "2023-01-28T20:15:54.887Z",
        "timestamp": "2023-01-28T20:15:54.887Z",
        "products": []
    }
},
{
    "model": "carts.cart",
    "pk": 25,
    "fields": {
        "user": 1,
        "subtotal": "220.00",
        "total": "396.00",
        "updated": "2023-02-02T00:33:41.274Z",
        "timestamp": "2023-02-02T00:33:16.602Z",
        "products": [
            1,
            2
        ]
    }
},
{
    "model": "carts.cart",
    "pk": 26,
    "fields": {
        "user": 1,
        "subtotal": "100.00",
        "total": "180.00",
        "updated": "2023-02-02T23:23:14.300Z",
        "timestamp": "2023-02-02T23:23:12.860Z",
        "products": [
            1
        ]
    }
},
{
    "model": "carts.cart",
    "pk": 27,
    "fields": {
        "user": null,
        "subtotal": "100.00",
        "total": "180.00",
        "updated": "2023-02-02T23:33:06.207Z",
        "timestamp": "2023-02-02T23:25:16.786Z",
        "products": [
            1
        ]
    }
},
{
    "model": "carts.cart",
    "pk": 28,
    "fields": {
        "user": 1,
        "subtotal": "100.00",
        "total": "180.00",
        "updated": "2023-02-05T00:57:22.215Z",
        "timestamp": "2023-02-05T00:44:00.535Z",
        "products": [
            1
        ]
    }
},
{
    "model": "carts.cart",
    "pk": 29,
    "fields": {
        "user": 1,
        "subtotal": "100.00",
        "total": "180.00",
        "updated": "2023-02-05T01:05:50.508Z",
        "timestamp": "2023-02-05T00:57:43.644Z",
        "products": [
            1
        ]
    }
},
{
    "model": "carts.cart",
    "pk": 30,
    "fields": {
        "user": 1,
        "subtotal": "100.00",
        "total": "180.00",
        "updated": "2023-02-14T01:00:41.780Z",
        "timestamp": "2023-02-05T01:06:02.987Z",
        "products": [
            1
        ]
    }
},
{
    "model": "carts.cart",
    "pk": 31,
    "fields": {
        "user": 1,
        "subtotal": "120.00",
        "total": "216.00",
        "updated": "2023-02-14T01:01:27.887Z",
        "timestamp": "2023-02-14T01:01:00.332Z",
        "products": [
            2
        ]
    }
},
{
    "model": "carts.cart",
    "pk": 32,
    "fields": {
        "user": 1,
        "subtotal": "220.00",
        "total": "396.00",
        "updated": "2023-02-14T01:16:07.612Z",
        "timestamp": "2023-02-14T01:02:15.137Z",
        "products": [
            1,
            2
        ]
    }
},
{
    "model": "carts.cart",
    "pk": 33,
    "fields": {
        "user": 1,
        "subtotal": "0.00",
        "total": "0.00",
        "updated": "2023-02-17T01:28:27.628Z",
        "timestamp": "2023-02-17T01:28:27.628Z",
        "products": []
    }
},
{
    "model": "carts.cart",
    "pk": 34,
    "fields": {
        "user": 1,
        "subtotal": "0.00",
        "total": "0.00",
        "updated": "2023-02-17T01:32:37.237Z",
        "timestamp": "2023-02-17T01:28:32.104Z",
        "products": []
    }
},
{
    "model": "carts.cart",
    "pk": 35,
    "fields": {
        "user": 1,
        "subtotal": "100.00",
        "total": "180.00",
        "updated": "2023-02-17T01:35:14.276Z",
        "timestamp": "2023-02-17T01:33:05.931Z",
        "products": [
            1
        ]
    }
},
{
    "model": "carts.cart",
    "pk": 36,
    "fields": {
        "user": 1,
        "subtotal": "100.00",
        "total": "180.00",
        "updated": "2023-02-17T01:35:41.262Z",
        "timestamp": "2023-02-17T01:35:31.997Z",
        "products": [
            1
        ]
    }
},
{
    "model": "carts.cart",
    "pk": 37,
    "fields": {
        "user": 1,
        "subtotal": "100.00",
        "total": "180.00",
        "updated": "2023-02-17T23:57:12.287Z",
        "timestamp": "2023-02-17T01:36:15.120Z",
        "products": [
            1
        ]
    }
},
{
    "model": "carts.cart",
    "pk": 38,
    "fields": {
        "user": 1,
        "subtotal": "100.00",
        "total": "180.00",
        "updated": "2023-02-17T23:59:12.344Z",
        "timestamp": "2023-02-17T23:59:10.544Z",
        "products": [
            1
        ]
    }
},
{
    "model": "carts.cart",
    "pk": 39,
    "fields": {
        "user": 1,
        "subtotal": "100.00",
        "total": "180.00",
        "updated": "2023-02-21T23:29:48.946Z",
        "timestamp": "2023-02-21T23:29:47.563Z",
        "products": [
            1
        ]
    }
},
{
    "model": "carts.cart",
    "pk": 40,
    "fields": {
        "user": 1,
        "subtotal": "0.00",
        "total": "0.00",
        "updated": "2023-02-21T23:30:15.804Z",
        "timestamp": "2023-02-21T23:30:15.804Z",
        "products": []
    }
},
{
    "model": "carts.cart",
    "pk": 41,
    "fields": {
        "user": null,
        "subtotal": "0.00",
        "total": "0.00",
        "updated": "2023-03-02T00:46:27.127Z",
        "timestamp": "2023-03-02T00:46:27.127Z",
        "products": []
    }
},
{
    "model": "products.product",
    "pk": 1,
    "fields": {
        "title": "Camiseta",
        "slug": "camiseta-branca",
        "description": "Teste",
        "price": "100.00",
        "image": "products/camiseta_branca_rIpVUVn.jpeg",
        "featured": true,
        "timestamp": null,
        "active": true
    }
},
{
    "model": "products.product",
    "pk": 2,
    "fields": {
        "title": "Tênis",
        "slug": "tenis-preto-e-branco",
        "description": "Lorem tenis",
        "price": "120.00",
        "image": "products/tenis_zp471P7.jpeg",
        "featured": true,
        "timestamp": "2023-01-22T13:25:58Z",
        "active": true
    }
},
{
    "model": "orders.order",
    "pk": 10,
    "fields": {
        "billing_profile": 1,
        "order_id": "hp8asud36k",
        "shipping_address": null,
        "billing_address": null,
        "cart": 6,
        "status": "created",
        "shipping_total": "5.99",
        "total": "401.99",
        "active": true
    }
},
{
    "model": "orders.order",
    "pk": 11,
    "fields": {
        "billing_profile": 1,
        "order_id": "pvorzvapif",
        "shipping_address": null,
        "billing_address": null,
        "cart": 7,
        "status": "created",
        "shipping_total": "5.99",
        "total": "185.99",
        "active": true
    }
},
{
    "model": "orders.order",
    "pk": 12,
    "fields": {
        "billing_profile": 1,
        "order_id": "q0hvajkb7f",
        "shipping_address": null,
        "billing_address": null,
        "cart": 8,
        "status": "created",
        "shipping_total": "5.99",
        "total": "5.99",
        "active": true
    }
},
{
    "model": "orders.order",
    "pk": 13,
    "fields": {
        "billing_profile": 1,
        "order_id": "17zdmjq84o",
        "shipping_address": null,
        "billing_address": null,
        "cart": 9,
        "status": "created",
        "shipping_total": "5.99",
        "total": "401.99",
        "active": true
    }
},
{
    "model": "orders.order",
    "pk": 14,
    "fields": {
        "billing_profile": 1,
        "order_id": "pag4cnv8r7",
        "shipping_address": null,
        "billing_address": null,
        "cart": 12,
        "status": "created",
        "shipping_total": "5.99",
        "total": "185.99",
        "active": true
    }
},
{
    "model": "orders.order",
    "pk": 15,
    "fields": {
        "billing_profile": 1,
        "order_id": "7c7daldwb6",
        "shipping_address": null,
        "billing_address": null,
        "cart": 13,
        "status": "created",
        "shipping_total": "5.99",
        "total": "185.99",
        "active": true
    }
},
{
    "model": "orders.order",
    "pk": 16,
    "fields": {
        "billing_profile": 1,
        "order_id": "jh30hqzl11",
        "shipping_address": null,
        "billing_address": null,
        "cart": 14,
        "status": "created",
        "shipping_total": "5.99",
        "total": "185.99",
        "active": true
    }
},
{
    "model": "orders.order",
    "pk": 17,
    "fields": {
        "billing_profile": 1,
        "order_id": "wfgkkxtwjy",
        "shipping_address": null,
        "billing_address": null,
        "cart": 15,
        "status": "created",
        "shipping_total": "5.99",
        "total": "185.99",
        "active": true
    }
},
{
    "model": "orders.order",
    "pk": 18,
    "fields": {
        "billing_profile": 3,
        "order_id": "zcehe4irft",
        "shipping_address": null,
        "billing_address": null,
        "cart": 16,
        "status": "created",
        "shipping_total": "5.99",
        "total": "185.99",
        "active": true
    }
},
{
    "model": "orders.order",
    "pk": 19,
    "fields": {
        "billing_profile": 3,
        "order_id": "dvi88qipd8",
        "shipping_address": null,
        "billing_address": 1,
        "cart": 17,
        "status": "created",
        "shipping_total": "5.99",
        "total": "185.99",
        "active": true
    }
},
{
    "model": "orders.order",
    "pk": 20,
    "fields": {
        "billing_profile": 1,
        "order_id": "aa9q3frt2k",
        "shipping_address": null,
        "billing_address": null,
        "cart": 17,
        "status": "created",
        "shipping_total": "5.99",
        "total": "185.99",
        "active": true
    }
},
{
    "model": "orders.order",
    "pk": 21,
    "fields": {
        "billing_profile": 4,
        "order_id": "xtaii3l0cp",
        "shipping_address": 2,
        "billing_address": 3,
        "cart": 18,
        "status": "created",
        "shipping_total": "5.99",
        "total": "185.99",
        "active": true
    }
},
{
    "model": "orders.order",
    "pk": 22,
    "fields": {
        "billing_profile": 1,
        "order_id": "qunmfdl7y0",
        "shipping_address": 5,
        "billing_address": 4,
        "cart": 19,
        "status": "paid",
        "shipping_total": "5.99",
        "total": "185.99",
        "active": true
    }
},
{
    "model": "orders.order",
    "pk": 23,
    "fields": {
        "billing_profile": 1,
        "order_id": "vfxchyweba",
        "shipping_address": 8,
        "billing_address": 9,
        "cart": 20,
        "status": "paid",
        "shipping_total": "5.99",
        "total": "185.99",
        "active": true
    }
},
{
    "model": "orders.order",
    "pk": 24,
    "fields": {
        "billing_profile": 1,
        "order_id": "52byxgi7ej",
        "shipping_address": 4,
        "billing_address": 5,
        "cart": 21,
        "status": "created",
        "shipping_total": "5.99",
        "total": "185.99",
        "active": true
    }
},
{
    "model": "orders.order",
    "pk": 25,
    "fields": {
        "billing_profile": 1,
        "order_id": "ifz268rjul",
        "shipping_address": 4,
        "billing_address": 10,
        "cart": 22,
        "status": "paid",
        "shipping_total": "5.99",
        "total": "185.99",
        "active": true
    }
},
{
    "model": "orders.order",
    "pk": 26,
    "fields": {
        "billing_profile": 1,
        "order_id": "6cux5rcp2z",
        "shipping_address": 4,
        "billing_address": 4,
        "cart": 23,
        "status": "paid",
        "shipping_total": "5.99",
        "total": "401.99",
        "active": true
    }
},
{
    "model": "orders.order",
    "pk": 27,
    "fields": {
        "billing_profile": 1,
        "order_id": "xguky9whs7",
        "shipping_address": 4,
        "billing_address": 4,
        "cart": 25,
        "status": "paid",
        "shipping_total": "5.99",
        "total": "401.99",
        "active": true
    }
},
{
    "model": "orders.order",
    "pk": 28,
    "fields": {
        "billing_profile": 1,
        "order_id": "8hzbm41jx8",
        "shipping_address": null,
        "billing_address": null,
        "cart": 26,
        "status": "created",
        "shipping_total": "5.99",
        "total": "185.99",
        "active": true
    }
},
{
    "model": "orders.order",
    "pk": 29,
    "fields": {
        "billing_profile": 1,
        "order_id": "v18vszu07j",
        "shipping_address": 4,
        "billing_address": 4,
        "cart": 28,
        "status": "paid",
        "shipping_total": "5.99",
        "total": "185.99",
        "active": true
    }
},
{
    "model": "orders.order",
    "pk": 30,
    "fields": {
        "billing_profile": 1,
        "order_id": "2yygyypq82",
        "shipping_address": null,
        "billing_address": null,
        "cart": 30,
        "status": "created",
        "shipping_total": "5.99",
        "total": "185.99",
        "active": true
    }
},
{
    "model": "orders.order",
    "pk": 31,
    "fields": {
        "billing_profile": 1,
        "order_id": "xapr5zclpy",
        "shipping_address": 4,
        "billing_address": 4,
        "cart": 31,
        "status": "paid",
        "shipping_total": "5.99",
        "total": "221.99",
        "active": true
    }
},
{
    "model": "orders.order",
    "pk": 32,
    "fields": {
        "billing_profile": 1,
        "order_id": "y7m3o782tg",
        "shipping_address": 14,
        "billing_address": 13,
        "cart": 35,
        "status": "paid",
        "shipping_total": "5.99",
        "total": "185.99",
        "active": true
    }
},
{
    "model": "orders.order",
    "pk": 33,
    "fields": {
        "billing_profile": 1,
        "order_id": "t5v30qel0q",
        "shipping_address": 16,
        "billing_address": 15,
        "cart": 36,
        "status": "paid",
        "shipping_total": "5.99",
        "total": "185.99",
        "active": true
    }
},
{
    "model": "orders.order",
    "pk": 34,
    "fields": {
        "billing_profile": 1,
        "order_id": "hip9aazxvq",
        "shipping_address": 15,
        "billing_address": 17,
        "cart": 37,
        "status": "paid",
        "shipping_total": "5.99",
        "total": "185.99",
        "active": true
    }
},
{
    "model": "orders.order",
    "pk": 35,
    "fields": {
        "billing_profile": 1,
        "order_id": "282rbgb3bf",
        "shipping_address": 15,
        "billing_address": 15,
        "cart": 38,
        "status": "paid",
        "shipping_total": "5.99",
        "total": "185.99",
        "active": true
    }
},
{
    "model": "orders.order",
    "pk": 36,
    "fields": {
        "billing_profile": 1,
        "order_id": "7jb4q55ot1",
        "shipping_address": 17,
        "billing_address": 17,
        "cart": 39,
        "status": "paid",
        "shipping_total": "5.99",
        "total": "185.99",
        "active": true
    }
}
]
